network_size,exp,tries,time[us]
1000,0,404,56002716
1000,1,7,953064
1000,2,442,50322242
1000,3,1278,149314360
1000,4,243,31159614
1000,5,1494,169721650
1000,6,651,73813000
1000,7,290,33630548
1000,8,1766,201044625
1000,9,2329,268736270
1000,10,1058,118718106
1000,11,323,36019830
1000,12,623,72833418
1000,13,1003,113954400
1000,14,1599,178464664
1000,15,889,107616330
1000,16,412,47579082
1000,17,496,56539743
1000,18,499,57002850
1000,19,491,55029032
1000,20,2029,227976153
1000,21,110,12229980
1000,22,1702,197177328
1000,23,1913,214601415
1000,24,1950,225008160
1000,25,1268,147072968
1000,26,4412,519188184
1000,27,566,67265856
1000,28,15,1775288
1000,29,98,11137135
1000,30,2148,253974600
1000,31,565,66107314
1000,32,151,18396136
1000,33,830,95260704
1000,34,2034,230045352
1000,35,162,18819348
1000,36,1141,134680770
1000,37,788,89223218
1000,38,143,16217964
1000,39,321,37208014
1000,40,555,63652050
1000,41,1020,119584358
1000,42,150,17510742
1000,43,893,102847521
1000,44,178,22120988
1000,45,1168,142166309
1000,46,571,72539005
1000,47,56,6836500
1000,48,1016,131383356
1000,49,43,5246667
1000,50,1114,135700882
1000,51,198,23423490
1000,52,68,8270325
1000,53,2199,263583560
1000,54,1062,123160389
1000,55,584,66863538
1000,56,592,69080730
1000,57,197,23004486
1000,58,651,80576790
1000,59,380,46386540
1000,60,754,98671722
1000,61,501,57274210
1000,62,788,95868927
1000,63,857,99884352
1000,64,1528,175997628
1000,65,1970,231706770
1000,66,768,89512821
1000,67,1393,162208020
1000,68,267,32018512
1000,69,1345,152130675
1000,70,448,57578145
1000,71,2051,327212831
1000,72,1797,233055420
1000,73,350,44401001
1000,74,1809,230887376
1000,75,1166,147073695
1000,76,602,77877694
1000,77,4780,608627840
1000,78,2967,380095126
1000,79,438,55222695
1000,80,756,92326211
1000,81,974,126883013
1000,82,185,21117320
1000,83,140,18925988
1000,84,609,70957425
1000,85,280,32167304
1000,86,217,26208993
1000,87,1535,197564848
1000,88,486,55912164
1000,89,346,40183214
1000,90,448,50750232
1000,91,1580,183092390
1000,92,1740,199430970
1000,93,377,43339740
1000,94,809,92919450
1000,95,745,85239352
1000,96,164,18118720
1000,97,344,39834168
1000,98,634,74690424
1000,99,295,34015210
2000,0,2051,233088750
2000,1,1445,164934660
2000,2,2768,321004074
2000,3,2732,351191798
2000,4,87,12842320
2000,5,4305,555846215
2000,6,1944,284190530
2000,7,141,19162477
2000,8,2902,340386144
2000,9,836,94138176
2000,10,1460,165357906
2000,11,716,82702296
2000,12,2903,341257176
2000,13,2852,324886753
2000,14,1046,122020950
2000,15,85,9791327
2000,16,1264,146624930
2000,17,444,52530880
2000,18,3629,429056100
2000,19,275,33748719
2000,20,888,107119968
2000,21,3265,383843456
2000,22,4703,591993792
2000,23,564,73252493
2000,24,594,80797998
2000,25,68,7974720
2000,26,1548,197277184
2000,27,314,39579030
2000,28,1110,138766690
2000,29,2523,318879220
2000,30,1460,172731900
2000,31,2068,244805711
2000,32,537,64335637
2000,33,2229,263538726
2000,34,32,3984900
2000,35,727,92846976
2000,36,388,45406830
2000,37,1407,171699894
2000,38,1138,132473355
2000,39,460,53656050
2000,40,1182,131584284
2000,41,3516,411548676
2000,42,260,31123216
2000,43,9879,1190294482
2000,44,921,106056404
2000,45,1016,117652730
2000,46,54,6068700
2000,47,1553,177657992
2000,48,1634,188725778
2000,49,1856,213265108
2000,50,483,57344595
2000,51,275,31837596
2000,52,2938,335856633
2000,53,4048,461301742
2000,54,107,12555102
2000,55,624,74350580
2000,56,1345,156954375
2000,57,408,47051816
2000,58,926,103227750
2000,59,106,13491945
2000,60,2202,248438215
2000,61,2703,310985396
2000,62,1075,126028867
2000,63,3903,446846768
2000,64,322,36690330
2000,65,207,23294400
2000,66,841,105213622
2000,67,650,74309445
2000,68,1819,220948000
2000,69,2773,328531833
2000,70,1911,217640857
2000,71,266,30601416
2000,72,153,17255424
2000,73,85,9667536
2000,74,3036,350892408
2000,75,357,40646886
2000,76,280,32989947
2000,77,3275,380344548
2000,78,4340,505265600
2000,79,1364,157646344
2000,80,1887,215034512
2000,81,1464,204348326
2000,82,663,117348855
2000,83,202,33612792
2000,84,1044,173307225
2000,85,1917,270918813
2000,86,207,32285075
2000,87,1164,183147730
2000,88,95,15917628
2000,89,1760,264140000
2000,90,1085,141431112
2000,91,3060,407539188
2000,92,2928,376224331
2000,93,318,38541216
2000,94,2715,321708608
2000,95,169,21491340
2000,96,939,110557832
2000,97,4875,556548846
2000,98,1574,183782537
2000,99,1189,134065503
3000,0,8182,929210304
3000,1,191,21887525
3000,2,1561,192536271
3000,3,1911,221209380
3000,4,3466,400134375
3000,5,3348,391650819
3000,6,1704,194530304
3000,7,4703,536657156
3000,8,1452,165235584
3000,9,3265,395279524
3000,10,1896,227360914
3000,11,296,34679488
3000,12,1695,193917990
3000,13,701,80375035
3000,14,6591,772032927
3000,15,12476,1465451952
3000,16,372,43303520
3000,17,5717,663180126
3000,18,1343,152349560
3000,19,1384,162988844
3000,20,3837,438512775
3000,21,328,38021571
3000,22,840,97339999
3000,23,632,72448000
3000,24,3418,424715625
3000,25,1755,219931404
3000,26,12140,1451549075
3000,27,11596,1337645511
3000,28,4405,507555402
3000,29,1699,194270324
3000,30,1313,149364594
3000,31,7430,850793456
3000,32,1313,151897060
3000,33,4637,526355272
3000,34,1504,174790500
3000,35,1303,149087104
3000,36,1097,127008276
3000,37,6829,777339783
3000,38,1988,223817776
3000,39,277,30668075
3000,40,8599,978771250
3000,41,6749,819112500
3000,42,269,32038457
3000,43,5489,713408248
3000,44,5628,950506333
3000,45,6874,797669840
3000,46,2198,253653216
3000,47,2890,330548664
3000,48,401,46012252
3000,49,2382,272489272
3000,50,4112,471515252
3000,51,585,65298768
3000,52,1172,135865175
3000,53,4450,507273182
3000,54,1355,161672748
3000,55,1667,197266170
3000,56,614,73105255
3000,57,3109,356795256
3000,58,3281,404104815
3000,59,980,144653840
3000,60,3463,499540428
3000,61,3466,402342615
3000,62,287,32930973
3000,63,1222,138888860
3000,64,3684,424946637
3000,65,2573,288877760
3000,66,2302,262137240
3000,67,4099,457603660
3000,68,726,82435392
3000,69,467,52206849
3000,70,36,4001408
3000,71,10403,1231956828
3000,72,7514,873175248
3000,73,2412,273474426
3000,74,1451,165966770
3000,75,4526,520121834
3000,76,3878,453469782
3000,77,615,71326550
3000,78,1555,193956388
3000,79,3461,429149835
3000,80,9399,1085073816
3000,81,2595,303333750
3000,82,5921,678010788
3000,83,4160,466507336
3000,84,124,13856700
3000,85,574,65636010
3000,86,3028,344116464
3000,87,6217,749237223
3000,88,3366,415560925
3000,89,2205,260484939
3000,90,3986,468213675
3000,91,21129,2443282770
3000,92,1442,169777422
3000,93,2722,320841100
3000,94,406,45325120
3000,95,2182,296778063
3000,96,2479,286806130
3000,97,2069,264041250
3000,98,5661,800336652
3000,99,5341,688805331
4000,0,1830,227771237
4000,1,3680,440463837
4000,2,4896,585066656
4000,3,734,85773053
4000,4,3240,400593222
4000,5,468,63897900
4000,6,636,75776367
4000,7,2364,288346536
4000,8,3597,436817550
4000,9,4118,501849257
4000,10,3883,452760275
4000,11,8046,924680610
4000,12,8010,914610600
4000,13,3026,338001000
4000,14,429,48264260
4000,15,960,107945946
4000,16,11198,1265015718
4000,17,14808,1741510991
4000,18,433,53314234
4000,19,2957,385756707
4000,20,466,53899595
4000,21,1643,197393304
4000,22,520,63911936
4000,23,583,75245184
4000,24,11955,1429399526
4000,25,5316,608121696
4000,26,11696,1352502836
4000,27,8771,999337390
4000,28,7794,937001604
4000,29,1579,181744056
4000,30,5111,601468692
4000,31,1800,205688772
4000,32,1424,179790886
4000,33,1956,227483014
4000,34,541,64757754
4000,35,12753,1483879531
4000,36,3121,353227120
4000,37,3137,358050379
4000,38,4427,510245604
4000,39,2673,300432083
4000,40,3256,380472008
4000,41,6863,794896920
4000,42,8741,1096843297
4000,43,4091,479001690
4000,44,5709,678924376
4000,45,2049,244452679
4000,46,2104,249336906
4000,47,2451,389704106
4000,48,5574,646975868
4000,49,587,104296392
4000,50,1361,172687621
4000,51,5524,651862431
4000,52,607,69147330
4000,53,1396,156608864
4000,54,8389,961313248
4000,55,4311,485896971
4000,56,2799,322975276
4000,57,1633,185373008
4000,58,619,69138306
4000,59,220,24366816
4000,60,1794,201862680
4000,61,4695,541184595
4000,62,8150,920310258
4000,63,1125,125276736
4000,64,16786,1873611480
4000,65,3370,380618840
4000,66,4061,454335264
4000,67,2535,291969808
4000,68,1939,220575474
4000,69,11454,1278337974
4000,70,350,39630961
4000,71,3793,423314388
4000,72,1044,119315259
4000,73,12341,1411410231
4000,74,962,109974088
4000,75,14097,1595770110
4000,76,5527,618764032
4000,77,1071,122126706
4000,78,31,3629228
4000,79,264,30153998
4000,80,988,110887072
4000,81,2890,326598216
4000,82,173,19959658
4000,83,2583,289221690
4000,84,4029,460406336
4000,85,2066,232775331
4000,86,2786,314298390
4000,87,56,7752108
4000,88,1017,115489066
4000,89,356,40076708
4000,90,6669,760158910
4000,91,27,3194280
4000,92,11850,1323934899
4000,93,7580,853294550
4000,94,6428,740314890
4000,95,2174,242957568
4000,96,2193,246175100
4000,97,54,6027520
4000,98,4794,554032380
4000,99,4151,499978309
5000,0,8154,912566840
5000,1,6266,699715224
5000,2,1393,158384576
5000,3,2892,332053975
5000,4,950,106644706
5000,5,2645,300846520
5000,6,1526,173984034
5000,7,7808,872173312
5000,8,22824,2615763570
5000,9,1116,130579416
5000,10,6818,773226888
5000,11,1612,181031436
5000,12,13162,1500572760
5000,13,4574,511282096
5000,14,145,16782759
5000,15,3118,360925455
5000,16,128,14697604
5000,17,3852,430867512
5000,18,1175,130677330
5000,19,2606,298560401
5000,20,5337,599774763
5000,21,163,18211216
5000,22,18909,2172487090
5000,23,5481,619880690
5000,24,2469,276830925
5000,25,887,101980288
5000,26,39855,4482757755
5000,27,14464,1625242844
5000,28,3959,454494210
5000,29,1190,131796842
5000,30,4110,469389934
5000,31,10609,1186910552
5000,32,947,107192905
5000,33,196,21946035
5000,34,5641,639447888
5000,35,95,10715217
5000,36,1292,147125173
5000,37,2391,268583944
5000,38,7865,899650502
5000,39,383,43458675
5000,40,395,45059670
5000,41,9447,1063547472
5000,42,1757,195065550
5000,43,48,5413520
5000,44,3873,442940514
5000,45,8453,953541908
5000,46,1260,143935404
5000,47,31690,3653007575
5000,48,3290,376627266
5000,49,1997,227542500
5000,50,9625,1108929300
5000,51,3623,409414915
5000,52,310,34375034
5000,53,26118,2913443188
5000,54,2838,325518925
5000,55,5045,576618042
5000,56,12143,1386046048
5000,57,1422,162634305
5000,58,5111,589776192
5000,59,698,81054080
5000,60,4599,522737280
5000,61,18441,2051237151
5000,62,3486,458752096
5000,63,2958,330621500
5000,64,1513,173726289
5000,65,2427,278285270
5000,66,20200,2305373322
5000,67,1814,202604460
5000,68,2266,257374068
5000,69,5213,596417220
5000,70,2165,248000550
5000,71,21626,2462058648
5000,72,7178,804896516
5000,73,1775,197148575
5000,74,243,27616092
5000,75,1099,126862014
5000,76,3360,380697174
5000,77,12476,1397888376
5000,78,7550,913346928
5000,79,1055,118041629
5000,80,1106,125238960
5000,81,10517,1210659989
5000,82,6753,765437794
5000,83,931,104313717
5000,84,4737,539193168
5000,85,1254,140869443
5000,86,16626,1875324550
5000,87,8977,1024376816
5000,88,716,83378570
5000,89,2177,247845328
5000,90,18957,2200159500
5000,91,6062,689667606
5000,92,3345,373369952
5000,93,2330,266504112
5000,94,4811,539156896
5000,95,7912,927351950
5000,96,8,1344492
5000,97,70,7988645
5000,98,5984,686719280
5000,99,267,30178707
6000,0,1119,124589365
6000,1,3402,385594158
6000,2,781,86988946
6000,3,2664,298255407
6000,4,10264,1152081036
6000,5,5327,609961598
6000,6,4509,517649904
6000,7,395,45427878
6000,8,16704,1937922084
6000,9,2266,253891737
6000,10,8031,922720302
6000,11,1883,210263580
6000,12,7804,890197840
6000,13,3388,378232298
6000,14,1183,137504538
6000,15,3215,364907797
6000,16,23796,2672724600
6000,17,8270,969855000
6000,18,2681,298894720
6000,19,6332,715455944
6000,20,12127,1390088088
6000,21,1815,207478860
6000,22,2455,273707616
6000,23,2682,307735362
6000,24,7259,812131086
6000,25,12642,1405301963
6000,26,9935,1143561695
6000,27,357,41278721
6000,28,5233,587380010
6000,29,2761,314456511
6000,30,9647,1082641725
6000,31,9205,1049647104
6000,32,13626,1576238804
6000,33,6402,735144388
6000,34,2878,326305296
6000,35,3852,435216710
6000,36,2900,334026576
6000,37,470,54145056
6000,38,1947,221483670
6000,39,244,28030560
6000,40,968,113355895
6000,41,3671,420582048
6000,42,3821,436913055
6000,43,11999,1396736208
6000,44,172,21101234
6000,45,4384,502547690
6000,46,10444,1178366560
6000,47,420,47528208
6000,48,12510,1413489402
6000,49,315,36396800
6000,50,26063,2977525276
6000,51,2906,329407363
6000,52,8667,966668598
6000,53,5372,603581130
6000,54,2469,280388276
6000,55,10002,1131960384
6000,56,375,42004902
6000,57,5237,583924000
6000,58,2562,296627248
6000,59,5522,638310546
6000,60,1153,127598876
6000,61,14991,1713018778
6000,62,9048,1036192414
6000,63,4284,476595638
6000,64,13047,1465714350
6000,65,22538,2577471959
6000,66,405,47281917
6000,67,5381,611790925
6000,68,8983,1010887020
6000,69,4843,544580443
6000,70,13056,1455868425
6000,71,3188,368138808
6000,72,11874,1330574136
6000,73,8903,1015950936
6000,74,1007,115248006
6000,75,7172,825084140
6000,76,857,95088952
6000,77,2474,275824143
6000,78,14091,1594438903
6000,79,6276,714377400
6000,80,5955,675425088
6000,81,7909,877952380
6000,82,8551,953619804
6000,83,2759,320204014
6000,84,7892,892043265
6000,85,14654,1653878262
6000,86,834,94169556
6000,87,9322,1064815332
6000,88,2561,291728821
6000,89,3177,365911447
6000,90,13624,1588681068
6000,91,3095,355457676
6000,92,3151,358042906
6000,93,1174,133179810
6000,94,5629,644169744
6000,95,668,74046469
6000,96,18069,2052546660
6000,97,2872,325444365
6000,98,459,52787890
6000,99,19422,2215428288
7000,0,3376,388012912
7000,1,612,70091175
7000,2,8821,998345600
7000,3,19978,2269859548
7000,4,3205,362915698
7000,5,21658,2455400619
7000,6,1153,131188540
7000,7,20890,2372081999
7000,8,14357,1622231208
7000,9,2068,236000838
7000,10,2545,285509440
7000,11,3397,392455665
7000,12,3886,436896000
7000,13,8850,996063530
7000,14,2029,228779064
7000,15,11002,1222040860
7000,16,14786,1681522584
7000,17,599,69129087
7000,18,3481,400632300
7000,19,4595,518881451
7000,20,12399,1438680600
7000,21,9041,1027545204
7000,22,4615,542107976
7000,23,5962,669163000
7000,24,6396,724689666
7000,25,503,58369497
7000,26,13156,1531983075
7000,27,1755,197009382
7000,28,354,41188875
7000,29,7124,810064831
7000,30,3641,413529776
7000,31,7707,881201562
7000,32,14250,1670956826
7000,33,7998,912675912
7000,34,9140,1041907500
7000,35,1437,164223995
7000,36,14397,1632850666
7000,37,18558,2103019548
7000,38,2107,243206240
7000,39,9975,1112690800
7000,40,10696,1217085943
7000,41,2529,284163012
7000,42,73,8555520
7000,43,7879,886393456
7000,44,14643,1682007948
7000,45,1590,186098613
7000,46,3653,415112554
7000,47,4385,500324495
7000,48,214,26325123
7000,49,15404,1767372570
7000,50,1956,223367868
7000,51,15635,1812656466
7000,52,6739,780905118
7000,53,6105,698437740
7000,54,6260,704890572
7000,55,4725,542953820
7000,56,11422,1281873595
7000,57,25409,2898749700
7000,58,38930,4479532992
7000,59,8659,997177500
7000,60,5945,709705535
7000,61,13788,1584702875
7000,62,5467,626006160
7000,63,3755,423838800
7000,64,6454,719545144
7000,65,2241,258142464
7000,66,7456,848987110
7000,67,549,62555625
7000,68,26097,3005527035
7000,69,780,89164404
7000,70,868,98801433
7000,71,8161,926951560
7000,72,5636,646172824
7000,73,1904,222542056
7000,74,227,26685060
7000,75,8006,924735240
7000,76,11167,1275888744
7000,77,8793,1009689165
7000,78,12737,1428442097
7000,79,3639,420469973
7000,80,9402,1056612550
7000,81,4095,465636509
7000,82,8697,1004517692
7000,83,3773,425650835
7000,84,1957,227802105
7000,85,476,55725740
7000,86,3873,451751202
7000,87,4062,462590092
7000,88,10729,1227785156
7000,89,2005,225522726
7000,90,1247,142104512
7000,91,11956,1356044088
7000,92,5642,644345195
7000,93,11520,1312716444
7000,94,3827,450084224
7000,95,7607,875571798
7000,96,12912,1480290188
7000,97,15799,1855447200
7000,98,2745,309591828
7000,99,4055,467376021
8000,0,12780,1445813955
8000,1,1322,148429368
8000,2,26252,2992197608
8000,3,5796,666946584
8000,4,65,7408362
8000,5,1498,168257466
8000,6,11213,1249150815
8000,7,1902,216815424
8000,8,13204,1491966308
8000,9,4637,530876367
8000,10,1429,163988145
8000,11,176,19535650
8000,12,1025,117798710
8000,13,8718,997924690
8000,14,840,92849640
8000,15,18249,2082821325
8000,16,7250,819339137
8000,17,1326,151667838
8000,18,4477,500216880
8000,19,12173,1376263850
8000,20,5864,671234200
8000,21,5686,636725922
8000,22,2696,307511703
8000,23,2048,231121428
8000,24,5260,597425740
8000,25,7853,877156891
8000,26,11833,1366361904
8000,27,3740,440726265
8000,28,826,95873155
8000,29,453,52439065
8000,30,1825,211444298
8000,31,2620,293243467
8000,32,20835,2399831803
8000,33,10784,1230701320
8000,34,8159,937159340
8000,35,4167,473450081
8000,36,2197,245083528
8000,37,927,107874690
8000,38,4769,540908900
8000,39,6594,759491082
8000,40,2210,251906902
8000,41,1468,165558138
8000,42,4317,489126400
8000,43,2573,292299024
8000,44,8611,971995175
8000,45,18356,2050777440
8000,46,2647,302165550
8000,47,9350,1051145694
8000,48,15650,1800681615
8000,49,2027,233886885
8000,50,14299,1651240955
8000,51,8464,965587182
8000,52,12150,1393586133
8000,53,610,70061177
8000,54,2986,347171960
8000,55,2781,320365098
8000,56,10931,1256657408
8000,57,3441,396105100
8000,58,637,71879680
8000,59,22400,2496143508
8000,60,10251,1192274406
8000,61,5897,655295232
8000,62,14324,1605298100
8000,63,10306,1194711103
8000,64,1813,204489225
8000,65,2617,301013310
8000,66,7333,814697580
8000,67,4621,526829160
8000,68,11219,1305461986
8000,69,1381,156123048
8000,70,1658,184703246
8000,71,4668,522958240
8000,72,1232,140154687
8000,73,5667,653084640
8000,74,6236,710176968
8000,75,11067,1266147590
8000,76,8283,940402638
8000,77,12868,1472080162
8000,78,1744,193605203
8000,79,3034,337665900
8000,80,6991,789021306
8000,81,10154,1134103796
8000,82,3327,384352300
8000,83,537,61408108
8000,84,3107,349306400
8000,85,6617,791277291
8000,86,1621,192239124
8000,87,13325,1488221700
8000,88,2915,326654840
8000,89,29265,3357337865
8000,90,82,9535415
8000,91,9712,1134421338
8000,92,1499,171402000
8000,93,893,102876426
8000,94,4984,571749216
8000,95,19918,2281707451
8000,96,3994,450980478
8000,97,3982,457785328
8000,98,3649,425569315
8000,99,15977,1794018304
9000,0,1253,145147860
9000,1,555,64848225
9000,2,13754,1570023700
9000,3,1693,190911034
9000,4,6961,786102074
9000,5,10124,1162670040
9000,6,17702,2055801162
9000,7,1611,188386000
9000,8,32871,3694635594
9000,9,29142,3262705440
9000,10,10036,1149955380
9000,11,8167,913223410
9000,12,6126,706928034
9000,13,7669,878977112
9000,14,10453,1182781048
9000,15,195,22684652
9000,16,10191,1154401192
9000,17,6517,741688244
9000,18,12639,1422109000
9000,19,16984,1931644225
9000,20,12802,1429094626
9000,21,6575,760766688
9000,22,2157,240615024
9000,23,1180,131865115
9000,24,19432,2187719200
9000,25,937,109598400
9000,26,13590,1572358821
9000,27,329,37428626
9000,28,131,14851475
9000,29,3438,384502336
9000,30,3731,427927921
9000,31,5080,584412312
9000,32,15014,1696400880
9000,33,7567,856726080
9000,34,201,22614012
9000,35,20743,2316315957
9000,36,8088,899474011
9000,37,3633,420262633
9000,38,13224,1507618962
9000,39,7551,860294164
9000,40,9906,1106226568
9000,41,7104,794449012
9000,42,3771,426460953
9000,43,8050,899958210
9000,44,15492,1767631968
9000,45,29848,3386084779
9000,46,1829,209838808
9000,47,8141,947132956
9000,48,5837,651428311
9000,49,11500,1304682624
9000,50,19177,2191957300
9000,51,18289,2078883352
9000,52,7814,895901778
9000,53,853,98690625
9000,54,9531,1076671032
9000,55,5512,628879284
9000,56,3275,364667520
9000,57,2669,303517032
9000,58,12071,1381097300
9000,59,8878,1032934150
9000,60,2155,239606136
9000,61,7270,840987440
9000,62,10925,1228150782
9000,63,6162,706368850
9000,64,11658,1342792681
9000,65,8007,901245592
9000,66,5731,649385463
9000,67,1849,208013300
9000,68,25597,2895012232
9000,69,1155,129604080
9000,70,1627,184103339
9000,71,11254,1285096936
9000,72,2561,294900618
9000,73,1520,176604480
9000,74,11998,1382802134
9000,75,11301,1307017800
9000,76,13291,1494806517
9000,77,1446,162892687
9000,78,36273,4145293120
9000,79,9463,1088466300
9000,80,6209,715355235
9000,81,9217,1034338296
9000,82,37623,4294887240
9000,83,4297,480007296
9000,84,9037,1014279514
9000,85,17210,1941571372
9000,86,17110,1971577640
9000,87,429,49203924
9000,88,5738,648401976
9000,89,9574,1089844383
9000,90,730,83158506
9000,91,13156,1497355572
9000,92,20010,2292484264
9000,93,368,41569758
9000,94,4906,560814606
9000,95,1565,173679000
9000,96,7090,815197935
9000,97,11666,1313249652
9000,98,2824,319540839
9000,99,21100,2432139434
10000,0,4292,479870696
10000,1,26547,3039903100
10000,2,3642,416158464
10000,3,5490,616171248
10000,4,5345,602882162
10000,5,540,61141800
10000,6,9845,1115624250
10000,7,219,24514984
10000,8,13179,1504484832
10000,9,14618,1684637592
10000,10,6550,731330768
10000,11,24808,2798240500
10000,12,15988,1945087385
10000,13,22499,2583020111
10000,14,94,10754076
10000,15,28354,3222894024
10000,16,1133,127790485
10000,17,20096,2282521934
10000,18,957,107179936
10000,19,8267,949472010
10000,20,10942,1242200982
10000,21,10140,1130757928
10000,22,1518,172227853
10000,23,1629,185842371
10000,24,253,29355549
10000,25,3572,408323370
10000,26,7091,812727534
10000,27,1079,121357750
10000,28,2844,325218508
10000,29,31508,3531246446
10000,30,5034,574208400
10000,31,6047,679387626
10000,32,13430,1543063092
10000,33,12535,1396135911
10000,34,387,43649004
10000,35,5715,648385020
10000,36,14154,1591051990
10000,37,10481,1175434500
10000,38,10261,1156185726
10000,39,2721,315474290
10000,40,32027,3631534281
10000,41,10872,1242090000
10000,42,756,84574875
10000,43,6556,736407688
10000,44,1497,168369096
10000,45,2342,266814702
10000,46,8574,983403725
10000,47,3086,352603047
10000,48,2142,249794110
10000,49,27544,3093850499
10000,50,4511,512331444
10000,51,1409,158382168
10000,52,11801,1338445804
10000,53,22516,2597827568
10000,54,8648,996023405
10000,55,5614,639527616
10000,56,14799,1682167482
10000,57,16432,1839278025
10000,58,16283,1867593739
10000,59,6284,717302820
10000,60,10114,1143187023
10000,61,15808,1801675746
10000,62,35224,4065929214
10000,63,961,107262386
10000,64,5119,586413830
10000,65,1075,122096825
10000,66,11621,1330685581
10000,67,17531,1991810392
10000,68,21636,2501865549
10000,69,4097,475057380
10000,70,5280,613471140
10000,71,20999,2361556726
10000,72,4056,455134529
10000,73,2972,332685320
10000,74,4216,483343796
10000,75,43774,4912295864
10000,76,12043,1401263062
10000,77,25195,2875353122
10000,78,15405,1775952288
10000,79,3465,392293904
10000,80,15272,1752102846
10000,81,3473,400559432
10000,82,2617,301092957
10000,83,6030,681328320
10000,84,9951,1145009955
10000,85,15910,1791464580
10000,86,3385,379445270
10000,87,20107,2253035904
10000,88,3666,413059696
10000,89,381,43016896
10000,90,5788,647972747
10000,91,8297,955303296
10000,92,6534,741135128
10000,93,13428,1557522390
10000,94,11775,1358984718
10000,95,4114,483975178
10000,96,1556,181322616
10000,97,17981,2034985668
10000,98,4020,450985380
10000,99,1311,150589191
11000,0,15661,1792260218
11000,1,8532,969189683
11000,2,6611,738176565
11000,3,2711,309463630
11000,4,13354,1515596000
11000,5,3662,420254841
11000,6,25631,2897854630
11000,7,1182,131827948
11000,8,12699,1435166948
11000,9,17572,2020450728
11000,10,1821,210808410
11000,11,4321,493764336
11000,12,22646,2536612980
11000,13,17265,1952406400
11000,14,11978,1359622368
11000,15,16437,1854171810
11000,16,30603,3424950592
11000,17,3275,375416912
11000,18,4464,510550917
11000,19,10050,1133070554
11000,20,8821,1015970240
11000,21,9247,1064667869
11000,22,16154,1822034676
11000,23,3662,416117520
11000,24,14403,1655352924
11000,25,24329,2788067562
11000,26,8179,913050790
11000,27,1669,184048665
11000,28,24805,2799743596
11000,29,11714,1353773700
11000,30,1538,180532800
11000,31,13068,1473094968
11000,32,3940,447933004
11000,33,3998,456836930
11000,34,10576,1195030200
11000,35,2792,316726461
11000,36,6702,755769300
11000,37,9343,1041216000
11000,38,33408,3854486976
11000,39,22737,2624036346
11000,40,6003,692815403
11000,41,9326,1038334000
11000,42,4704,536040072
11000,43,16654,1913674224
11000,44,4268,495894880
11000,45,3203,358602456
11000,46,1653,186225291
11000,47,413,47001065
11000,48,2800,326245936
11000,49,11980,1373238774
11000,50,3292,382179951
11000,51,42154,4813615271
11000,52,50958,5728025910
11000,53,5252,600406955
11000,54,230,27850050
11000,55,12710,1442976080
11000,56,10287,1182733872
11000,57,18742,2091198771
11000,58,13869,1574142053
11000,59,3597,409532886
11000,60,9542,1110261846
11000,61,14967,1753007190
11000,62,17605,1972285200
11000,63,45074,5127301640
11000,64,20557,2376367981
11000,65,633,71413788
11000,66,428,48882978
11000,67,6514,741471984
11000,68,2208,249629560
11000,69,16704,1930333652
11000,70,11924,1370084160
11000,71,4174,483739566
11000,72,35967,4132276254
11000,73,11901,1392507558
11000,74,4345,504611136
11000,75,49393,5690528291
11000,76,1215,140176720
11000,77,10324,1156918170
11000,78,7331,819555534
11000,79,16265,1871479170
11000,80,1908,225202432
11000,81,36803,4278524250
11000,82,1444,165317724
11000,83,19753,2269683572
11000,84,249,28254477
11000,85,4732,544889681
11000,86,1732,195749760
11000,87,10906,1268219220
11000,88,9532,1077859350
11000,89,33977,3903282258
11000,90,6799,794578382
11000,91,2520,291229250
11000,92,246,27921099
11000,93,26065,2933861112
11000,94,3517,394920344
11000,95,6907,790106331
11000,96,14381,1634660352
11000,97,8504,962740488
11000,98,3699,420068786
11000,99,3016,349684743
12000,0,3670,420381731
12000,1,24451,2750059400
12000,2,82,9438012
12000,3,4939,556326800
12000,4,641,72427885
12000,5,9580,1104463140
12000,6,1808,204059350
12000,7,3041,347500986
12000,8,2213,250781384
12000,9,23334,2648406138
12000,10,11685,1323986120
12000,11,10465,1166897172
12000,12,13956,1582038283
12000,13,8259,955871742
12000,14,936,108155606
12000,15,2406,276880956
12000,16,38085,4383154350
12000,17,13143,1490610176
12000,18,47957,5431504940
12000,19,10739,1239687396
12000,20,1616,184321993
12000,21,5280,614359263
12000,22,3105,357194448
12000,23,15847,1814890284
12000,24,3254,373539126
12000,25,16020,1830079272
12000,26,19325,2191565838
12000,27,62508,7163459490
12000,28,15176,1770302640
12000,29,4366,489064433
12000,30,46390,5232831744
12000,31,43266,5010507514
12000,32,4912,571016474
12000,33,35046,3931035336
12000,34,3499,403857792
12000,35,5855,671508304
12000,36,11191,1294814265
12000,37,11788,1317777343
12000,38,6631,752201868
12000,39,21792,2447787456
12000,40,1738,198253435
12000,41,1338,152683608
12000,42,5989,677984247
12000,43,713,81047772
12000,44,8223,930111588
12000,45,9623,1112114258
12000,46,4036,468334645
12000,47,6257,707807727
12000,48,8465,948660527
12000,49,15858,1807289679
12000,50,3775,439195581
12000,51,37288,4211351045
12000,52,4658,522080420
12000,53,8941,1003724082
12000,54,62693,7284832235
12000,55,9406,1086553436
12000,56,15493,1778671980
12000,57,5616,647702400
12000,58,16334,1874181375
12000,59,776,87382611
12000,60,9809,1136199960
12000,61,27258,3137529192
12000,62,4214,475190619
12000,63,8508,972072954
12000,64,6794,773920641
12000,65,14156,1591997136
12000,66,13069,1458129996
12000,67,553,62469040
12000,68,5252,604965999
12000,69,41123,4633528397
12000,70,6615,768623063
12000,71,32807,3696808344
12000,72,1057,119472120
12000,73,2231,250756662
12000,74,399,45825906
12000,75,9245,1053482024
12000,76,9765,1111676643
12000,77,153,17487756
12000,78,8549,975218040
12000,79,8182,925139324
12000,80,5617,639844560
12000,81,14373,1646184163
12000,82,9337,1070689396
12000,83,5136,572432608
12000,84,17604,1994489742
12000,85,17998,2031232488
12000,86,4828,551053610
12000,87,16153,1811092910
12000,88,304,34470502
12000,89,25444,2991580160
12000,90,1213,140195910
12000,91,7824,883742475
12000,92,3560,399910720
12000,93,15567,1770566308
12000,94,21038,2408824176
12000,95,11880,1348595080
12000,96,5691,659865186
12000,97,8505,963456492
12000,98,1819,206213220
12000,99,44042,5056163772
13000,0,11270,1292443515
13000,1,6014,685685377
13000,2,364,40237256
13000,3,26953,3051144369
13000,4,2662,298366444
13000,5,39507,4439001518
13000,6,6868,784745368
13000,7,4419,492421160
13000,8,4694,587138481
13000,9,13664,1547280966
13000,10,20076,2283632725
13000,11,14782,1674759750
13000,12,18532,2103431400
13000,13,20700,2342649045
13000,14,916,103468940
13000,15,9167,1059952670
13000,16,11267,1283214884
13000,17,11511,1301790396
13000,18,11556,1321291314
13000,19,4343,491419698
13000,20,3511,402181956
13000,21,8246,953799616
13000,22,6640,778402808
13000,23,913,104740978
13000,24,22876,2608893168
13000,25,9538,1082131786
13000,26,10757,1265599776
13000,27,6058,691795500
13000,28,643,73722209
13000,29,4730,553404060
13000,30,26292,3028196136
13000,31,6276,720792347
13000,32,3047,342757800
13000,33,1520,172190616
13000,34,12927,1479227310
13000,35,4595,527892720
13000,36,8970,1041712364
13000,37,2582,295973416
13000,38,4895,552268332
13000,39,39193,4534034208
13000,40,18801,2110982144
13000,41,39452,4423271963
13000,42,2589,290758911
13000,43,23726,2684291382
13000,44,48540,5390660312
13000,45,8753,987155372
13000,46,3795,430900584
13000,47,985,110366308
13000,48,16087,1882718580
13000,49,9252,1062749678
13000,50,32603,3671467541
13000,51,5094,576044504
13000,52,14917,1717247940
13000,53,10931,1226053712
13000,54,460,52528419
13000,55,3254,366217414
13000,56,12977,1468140594
13000,57,23972,2706196638
13000,58,2978,344249035
13000,59,20466,2303176899
13000,60,21628,2504055021
13000,61,164,19223570
13000,62,15698,1811802237
13000,63,15682,1788648280
13000,64,10984,1284508460
13000,65,1644,190739241
13000,66,23356,2697214296
13000,67,15982,1840522678
13000,68,31912,3678791580
13000,69,3058,350296785
13000,70,30559,3507492448
13000,71,12185,1395537695
13000,72,9380,1071471650
13000,73,12750,1445781630
13000,74,10069,1156444344
13000,75,403,45948872
13000,76,10275,1167735406
13000,77,3737,419530860
13000,78,11251,1261209750
13000,79,7268,835926896
13000,80,10878,1237148178
13000,81,11489,1284135832
13000,82,22580,2566170628
13000,83,4164,481604214
13000,84,22699,2614756272
13000,85,39301,4634530530
13000,86,3171,357640781
13000,87,8941,1007522208
13000,88,18848,2115271888
13000,89,42105,4775197686
13000,90,12621,1422597891
13000,91,1459,163814112
13000,92,6632,759269460
13000,93,6984,793861600
13000,94,14775,1684229193
13000,95,6691,760297986
13000,96,18488,2103014492
13000,97,12500,1413841013
13000,98,4560,522390096
13000,99,20033,2286135851
14000,0,37577,4303679777
14000,1,2982,334142622
14000,2,10661,1209472992
14000,3,3077,351375678
14000,4,38711,4413751670
14000,5,11162,1243595980
14000,6,19672,2211096861
14000,7,73054,8472126766
14000,8,51445,5763290222
14000,9,23946,2658557000
14000,10,9135,1035557600
14000,11,33023,3782887752
14000,12,21009,2422302366
14000,13,26178,3008307624
14000,14,4155,492068757
14000,15,3524,409658810
14000,16,15925,1790333258
14000,17,13032,1453660978
14000,18,15403,1757120940
14000,19,4017,446660608
14000,20,412,46530212
14000,21,1702,191207442
14000,22,36477,4190403952
14000,23,14243,1631945634
14000,24,757,88607064
14000,25,6405,746752552
14000,26,260,29992500
14000,27,1728,199217788
14000,28,7424,842955043
14000,29,4830,555690568
14000,30,5461,615051276
14000,31,10083,1130622340
14000,32,37907,4244218983
14000,33,8676,978538722
14000,34,1465,165138880
14000,35,215,25956100
14000,36,47635,5493333538
14000,37,8205,929147700
14000,38,47732,5331189631
14000,39,14410,1659232571
14000,40,2125,245463204
14000,41,2536,283496936
14000,42,970,109535017
14000,43,15617,1791888600
14000,44,2989,335814780
14000,45,7800,915210855
14000,46,8664,997722684
14000,47,24573,2822840100
14000,48,51959,5828933416
14000,49,20111,2330746272
14000,50,2875,327446062
14000,51,10322,1263030032
14000,52,1086,124806096
14000,53,10213,1140099499
14000,54,16012,1826257284
14000,55,22511,2654242807
14000,56,21167,2417122620
14000,57,31341,3655468872
14000,58,11052,1275088528
14000,59,36464,4120086434
14000,60,10084,1145478393
14000,61,19449,2188411530
14000,62,22010,2481672790
14000,63,5356,600414608
14000,64,22774,2598714600
14000,65,1631,185398008
14000,66,10265,1188217464
14000,67,36934,4224125290
14000,68,14485,1670378749
14000,69,13749,1561360680
14000,70,9379,1056198042
14000,71,2754,309819916
14000,72,12869,1477322044
14000,73,3281,372748554
14000,74,38712,4383257400
14000,75,16721,1878473821
14000,76,36765,4233707280
14000,77,13031,1479025880
14000,78,2655,302301036
14000,79,1459,161670908
14000,80,23219,2632261880
14000,81,8421,936964675
14000,82,17647,2020522748
14000,83,22928,2628712656
14000,84,56531,6315044003
14000,85,7041,807985078
14000,86,1769,200271328
14000,87,5635,686914412
14000,88,47589,5437638808
14000,89,2002,230965840
14000,90,20990,2388404089
14000,91,3559,404320860
14000,92,3905,439883099
14000,93,3362,376844286
14000,94,16371,1819945339
14000,95,3598,404818528
14000,96,29150,3327558736
14000,97,4299,485762853
14000,98,6581,739866876
14000,99,1973,222356134
15000,0,31700,3646926656
15000,1,2379,274681350
15000,2,8275,949727376
15000,3,76467,8685168943
15000,4,15320,1721195882
15000,5,7835,882145566
15000,6,26737,3062802925
15000,7,10,1342132
15000,8,34803,4078146425
15000,9,43703,5158606520
15000,10,8193,940640666
15000,11,10155,1147376586
15000,12,7241,823578980
15000,13,5825,680872157
15000,14,2579,339479517
15000,15,8562,1095572104
15000,16,10408,1302488040
15000,17,6958,897843669
15000,18,6646,881147136
15000,19,3906,559669360
15000,20,27157,4204511808
15000,21,3567,584700640
15000,22,10389,1569370040
15000,23,8443,1262937180
15000,24,14834,2176403880
15000,25,850,110862870
15000,26,32452,3962778237
15000,27,4647,565862748
15000,28,13077,2256937472
15000,29,3300,497852485
15000,30,52897,6881797017
15000,31,916,109130004
15000,32,44845,5424990080
15000,33,21222,2522147796
15000,34,32835,4322932736
15000,35,25624,3388484000
15000,36,3314,437943086
15000,37,71074,10295960733
15000,38,15281,1869360727
15000,39,22364,2818749076
15000,40,29856,3709850848
15000,41,40454,5184376137
15000,42,27259,3352149302
15000,43,2807,351405151
15000,44,35625,4496374798
15000,45,58286,7641141144
15000,46,13239,1666153408
15000,47,2068,236802945
15000,48,45948,5829652512
15000,49,17816,2335272805
15000,50,1629,200789718
15000,51,826,120802052
15000,52,14411,1875356700
15000,53,12247,1426581690
15000,54,627,73479648
15000,55,19860,2378061375
15000,56,16300,2045500595
15000,57,19881,2516510066
15000,58,52664,6747886653
15000,59,37995,4780086675
15000,60,13111,1676376156
15000,61,58438,7406208840
15000,62,20997,2489796000
15000,63,10574,1352673608
15000,64,18831,2501496780
15000,65,9256,1206611252
15000,66,546,65183976
15000,67,37715,4719197516
15000,68,7767,942792136
15000,69,38805,4746651280
15000,70,5633,787466435
15000,71,14551,1855421085
15000,72,2248,283498650
15000,73,8997,1248165585
15000,74,3103,430979406
15000,75,3812,544706604
15000,76,15757,2048321296
15000,77,19645,2412391164
15000,78,37486,4414338390
15000,79,11321,1453098324
15000,80,1261,155523956
15000,81,17820,2228657064
15000,82,9724,1115036594
15000,83,34767,4316455340
15000,84,8217,1035049600
15000,85,403,52505450
15000,86,22067,3002972874
15000,87,41206,5684145642
15000,88,7579,1012940424
15000,89,17541,2237659002
15000,90,16277,2083912272
15000,91,197,25279280
15000,92,15275,1932815808
15000,93,19114,2396847250
15000,94,4119,510287936
15000,95,3341,422300640
15000,96,7961,969041304
15000,97,44634,5608868154
15000,98,3105,382133642
15000,99,34014,4196278324
16000,0,6511,807698916
16000,1,29417,3599477000
16000,2,6914,835412292
16000,3,12302,1498758780
16000,4,51753,6334066707
16000,5,453,56693804
16000,6,34998,4341719976
16000,7,13745,1740470320
16000,8,21001,2619784794
16000,9,8345,1027519835
16000,10,30673,3817518266
16000,11,48934,5980737616
16000,12,7671,937954880
16000,13,35116,4223474850
16000,14,10034,1273591711
16000,15,4372,559458848
16000,16,90,10656180
16000,17,4668,570425745
16000,18,6481,820029150
16000,19,28150,3472978144
16000,20,18148,2320195548
16000,21,3369,430052282
16000,22,416,51156835
16000,23,9896,1231932528
16000,24,763,94578425
16000,25,2800,347152138
16000,26,51069,6249505362
16000,27,13770,1853993584
16000,28,5814,755596107
16000,29,10965,1358855232
16000,30,14639,1828457967
16000,31,8201,1009680354
16000,32,10976,1456398129
16000,33,10791,1333136294
16000,34,35725,4495962048
16000,35,2907,373118414
16000,36,3205,409254976
16000,37,16937,2141917576
16000,38,2740,334866896
16000,39,13899,1758580824
16000,40,22930,2877197377
16000,41,56017,7043519808
16000,42,4818,599160667
16000,43,16038,1969479682
16000,44,5455,688860108
16000,45,9388,1223970601
16000,46,12562,1617683515
16000,47,6396,793260555
16000,48,38697,4810702536
16000,49,5807,731095218
16000,50,26846,3333862268
16000,51,30696,3855406100
16000,52,55674,6833707891
16000,53,41282,5149723140
16000,54,34977,4391015700
16000,55,1914,235888800
16000,56,10908,1328711974
16000,57,9760,1200363868
16000,58,5776,720404160
16000,59,51474,6470362358
16000,60,1293,154479405
16000,61,7732,955488480
16000,62,26062,3246355872
16000,63,1424,172666050
16000,64,18836,2351274846
16000,65,5496,722584800
16000,66,5528,717181875
16000,67,2970,496297841
16000,68,7177,924590480
16000,69,67666,8581047286
16000,70,12141,1533920544
16000,71,61876,8133146593
16000,72,8411,1072542390
16000,73,18283,2288875050
16000,74,8999,1116849180
16000,75,957,129056688
16000,76,31404,3927610224
16000,77,17131,2093480688
16000,78,4261,546358004
16000,79,16113,1999022424
16000,80,32729,4065072414
16000,81,5963,726281380
16000,82,31629,3888904158
16000,83,2462,308188232
16000,84,6908,844669850
16000,85,2760,350140752
16000,86,33599,4107537000
16000,87,24891,3010455393
16000,88,20470,2562417836
16000,89,23287,2837095862
16000,90,24253,2961185110
16000,91,13093,1628190102
16000,92,29059,3775601289
16000,93,19482,2411355472
16000,94,443,53335551
16000,95,10383,1278338520
16000,96,5117,658000841
16000,97,5209,646525419
16000,98,7914,980212584
16000,99,84,11547510
17000,0,2492,308439729
17000,1,7120,882357608
17000,2,242,29969152
17000,3,16618,2064845940
17000,4,15528,1920188008
17000,5,17127,2252480170
17000,6,10270,1276569440
17000,7,33610,4143472326
17000,8,46528,5764756658
17000,9,10070,1235649690
17000,10,16110,1963525430
17000,11,8667,1083472905
17000,12,925,115537992
17000,13,11861,1476796435
17000,14,5379,669066720
17000,15,867,108240008
17000,16,101054,12586955940
17000,17,498,63924100
17000,18,35403,4396654993
17000,19,40852,4933424904
17000,20,43007,5251782072
17000,21,6477,801213774
17000,22,22759,2880192880
17000,23,32228,4006063125
17000,24,5251,638101504
17000,25,33783,4435468272
17000,26,7790,969812927
17000,27,3518,440071190
17000,28,2956,371503128
17000,29,6015,761002000
17000,30,13212,1655238318
17000,31,11217,1398950817
17000,32,23482,2928979242
17000,33,641,81581308
17000,34,17900,2208828091
17000,35,24982,3120886863
17000,36,12971,1671559110
17000,37,17334,2138548496
17000,38,34465,4239104450
17000,39,15106,1860763074
17000,40,9333,1187645448
17000,41,2556,317381120
17000,42,1107,134867584
17000,43,27590,3400171884
17000,44,8503,1065501954
17000,45,23869,2995970510
17000,46,21196,2641183800
17000,47,25188,3106114998
17000,48,44984,5502898112
17000,49,53741,6635423376
17000,50,24949,3195015407
17000,51,5641,707637900
17000,52,2310,290193750
17000,53,40111,5061387424
17000,54,989,126266400
17000,55,2875,355851819
17000,56,3382,417683820
17000,57,7655,947199265
17000,58,13198,1611962950
17000,59,16775,2103044517
17000,60,18076,2270363745
17000,61,1066,135720768
17000,62,2519,312493267
17000,63,7012,854886786
17000,64,8497,1037909409
17000,65,14721,1816588755
17000,66,34336,4213734220
17000,67,14559,1779724050
17000,68,2434,341367862
17000,69,5724,705087998
17000,70,36656,4443786728
17000,71,13134,1668342174
17000,72,830,103691808
17000,73,2709,336852051
17000,74,15270,1938858984
17000,75,4732,610283344
17000,76,7878,996140376
17000,77,18212,2275763422
17000,78,26980,3309738937
17000,79,14955,1870668563
17000,80,3479,427127896
17000,81,3777,461000862
17000,82,1716,215186587
17000,83,77903,9764158634
17000,84,4380,540149976
17000,85,5407,668766180
17000,86,13132,1601539600
17000,87,54005,6668142750
17000,88,438,53661027
17000,89,9763,1176172699
17000,90,1284,162037592
17000,91,52433,6538521535
17000,92,42998,5421780945
17000,93,6814,863452197
17000,94,56733,6924135120
17000,95,2697,329991584
17000,96,25055,3076716204
17000,97,1095,133669792
17000,98,44425,5453428570
17000,99,9370,1174772508
18000,0,15674,1940507352
18000,1,4576,555020109
18000,2,31645,3948583936
18000,3,22560,2921306700
18000,4,3038,372127167
18000,5,2430,290816263
18000,6,536,65845330
18000,7,4894,589773912
18000,8,38526,4679972736
18000,9,10292,1254880830
18000,10,5605,706432982
18000,11,25490,3239299143
18000,12,1687,206974400
18000,13,1930,236174718
18000,14,35128,4511471958
18000,15,8767,1070331128
18000,16,5269,650770658
18000,17,1445,180859776
18000,18,16828,2070038627
18000,19,2046,256313508
18000,20,320,37755993
18000,21,45629,5687088759
18000,22,15526,1940785278
18000,23,531,64560435
18000,24,6612,828983330
18000,25,21062,2569864596
18000,26,15951,1954284192
18000,27,20450,2539142100
18000,28,5513,685329645
18000,29,20834,2568278599
18000,30,12220,1499109440
18000,31,55683,6839881905
18000,32,38219,4701281582
18000,33,21658,2713210962
18000,34,39896,4958386560
18000,35,26406,3292260070
18000,36,9333,1168425855
18000,37,5222,646323133
18000,38,9338,1155606650
18000,39,22909,2883490200
18000,40,21893,2746176208
18000,41,339,46453188
18000,42,24952,3087511680
18000,43,12547,1534297362
18000,44,15582,1923717734
18000,45,6029,759878820
18000,46,5660,713512448
18000,47,51863,6403919775
18000,48,19694,2454637554
18000,49,11022,1360967652
18000,50,181,22359960
18000,51,14074,2184747390
18000,52,18398,2952003264
18000,53,3932,612456340
18000,54,5122,845695680
18000,55,29592,4529875675
18000,56,1192,149397690
18000,57,4748,607508400
18000,58,25305,3190618458
18000,59,23794,3038900075
18000,60,1477,176790276
18000,61,27996,3600449006
18000,62,21609,2745108592
18000,63,8585,1078689744
18000,64,108,14549736
18000,65,17166,2076653018
18000,66,39923,4988515564
18000,67,19988,2497788310
18000,68,46424,5684705328
18000,69,8902,1127670725
18000,70,30840,3850435386
18000,71,32321,3997660680
18000,72,2853,359570835
18000,73,5474,718364116
18000,74,27694,3513594136
18000,75,28495,3502992902
18000,76,31216,4020577622
18000,77,38153,4652263353
18000,78,4371,532483726
18000,79,20185,2538271168
18000,80,9782,1240216020
18000,81,5132,628623531
18000,82,11810,1494362172
18000,83,27695,3469799955
18000,84,16837,2038437769
18000,85,14983,1827417435
18000,86,10650,1287818168
18000,87,47268,5801220030
18000,88,16362,2048586660
18000,89,16759,2100979472
18000,90,11786,1585801140
18000,91,4588,569721380
18000,92,16481,2025755130
18000,93,28745,3530992144
18000,94,1446,171735808
18000,95,6218,828381802
18000,96,986,135842922
18000,97,3111,377784352
18000,98,49854,6364599275
18000,99,12718,1623645040
19000,0,15055,1964412000
19000,1,16340,2025137346
19000,2,48470,6017225958
19000,3,13513,1710958078
19000,4,19119,2353158696
19000,5,42161,5406601120
19000,6,78286,10016947260
19000,7,4017,516807278
19000,8,20116,2637073600
19000,9,27390,3549327620
19000,10,4187,534791076
19000,11,17674,2202456882
19000,12,39529,4965545550
19000,13,5184,637641158
19000,14,32942,4056096420
19000,15,4011,499206340
19000,16,116337,14284409247
19000,17,56000,7029211112
19000,18,9763,1216361798
19000,19,4511,547687326
19000,20,2326,295414197
19000,21,28646,3492460440
19000,22,6320,761101062
19000,23,4551,578850132
19000,24,5535,686805532
19000,25,42784,5363685828
19000,26,19765,2512812874
19000,27,963,125593380
19000,28,21559,2754237366
19000,29,4639,561731500
19000,30,4222,542478047
19000,31,26833,3427030714
19000,32,11668,1488502800
19000,33,66645,8383187655
19000,34,19567,2394260000
19000,35,8019,1023727512
19000,36,4073,494452270
19000,37,1882,236215540
19000,38,8960,1094518170
19000,39,20265,2520707010
19000,40,3274,407903520
19000,41,14544,1794496200
19000,42,8319,1064922684
19000,43,611,81552863
19000,44,7307,925675262
19000,45,2423,291690976
19000,46,7026,864301409
19000,47,16789,2089057296
19000,48,11036,1389661257
19000,49,4451,538227820
19000,50,63,7878408
19000,51,27317,3340875800
19000,52,20385,2536303972
19000,53,32920,4137948160
19000,54,98,11951988
19000,55,18412,2302358262
19000,56,12467,1567840500
19000,57,6010,747997577
19000,58,31261,3885501312
19000,59,95345,11946039920
19000,60,109604,13483691968
19000,61,91865,11324100654
19000,62,22552,2803740525
19000,63,6680,865832039
19000,64,36969,4668306581
19000,65,978,126245392
19000,66,3939,493143760
19000,67,5113,625523022
19000,68,16864,2174205150
19000,69,27564,3473968904
19000,70,14582,1852481686
19000,71,31922,3983418920
19000,72,19855,2460777732
19000,73,6906,828944650
19000,74,7796,983659545
19000,75,31929,3977667886
19000,76,16716,2107647168
19000,77,31319,4042061421
19000,78,43988,5524030776
19000,79,7310,929980124
19000,80,27486,3445621875
19000,81,21079,2609948886
19000,82,49272,6259700466
19000,83,3485,473763576
19000,84,20603,2613381792
19000,85,17597,2256304320
19000,86,45238,5651309760
19000,87,8324,1049215386
19000,88,13128,1626696748
19000,89,43981,5430292997
19000,90,3935,495374760
19000,91,48929,6075409060
19000,92,50017,6189801381
19000,93,5328,673175352
19000,94,23202,2873976270
19000,95,24375,2999454016
19000,96,16777,2123205345
19000,97,425,56316648
19000,98,2510,313632927
19000,99,46982,6018641600
20000,0,45123,5683975936
20000,1,7193,885936165
20000,2,719,93581860
20000,3,11658,1514019200
20000,4,22142,2688659968
20000,5,2986,365848000
20000,6,4503,547947400
20000,7,14742,1825724682
20000,8,18733,2346528132
20000,9,37050,4680279747
20000,10,7373,927773239
20000,11,20357,2621194497
20000,12,11939,1484447744
20000,13,13952,1726832640
20000,14,4456,636532260
20000,15,38221,4736746070
20000,16,24772,3029956902
20000,17,10844,1328985262
20000,18,17349,2159924316
20000,19,9949,1243100736
20000,20,39397,4908943680
20000,21,4606,582349650
20000,22,9819,1264495730
20000,23,30340,3759773971
20000,24,7072,923916760
20000,25,6979,913206224
20000,26,7037,867622455
20000,27,56506,7028567812
20000,28,58762,7262468829
20000,29,28061,3540554531
20000,30,30584,3785270748
20000,31,10727,1335193954
20000,32,11865,1549872745
20000,33,77714,10023684506
20000,34,9507,1200089364
20000,35,8919,1125921190
20000,36,13493,1740846972
20000,37,16631,2235384756
20000,38,72040,8893045034
20000,39,21846,2771595762
20000,40,7632,965925534
20000,41,5484,696143987
20000,42,75663,9622804975
20000,43,47089,5950509642
20000,44,29300,3708998160
20000,45,23406,2894523500
20000,46,5913,747932463
20000,47,11685,1525993930
20000,48,29692,3628996059
20000,49,8977,1090143712
20000,50,30442,3746879491
20000,51,11176,1383136680
20000,52,33771,4370252280
20000,53,35505,4632845427
20000,54,9405,1209043500
20000,55,32034,4082846502
20000,56,3010,380266540
20000,57,10945,1341509143
20000,58,21983,2812453056
20000,59,30394,3886814850
20000,60,28551,3592090049
20000,61,9363,1192967118
20000,62,7168,937137084
20000,63,11477,1442514810
20000,64,15008,1872780350
20000,65,5408,660828322
20000,66,29711,3822703846
20000,67,6794,849749070
20000,68,4313,551238360
20000,69,12528,1606384745
20000,70,5162,678762156
20000,71,4941,640163529
20000,72,23369,2947418976
20000,73,9962,1276759848
20000,74,45597,5754771968
20000,75,52807,6923639640
20000,76,16379,2108864072
20000,77,38891,4888115922
20000,78,13065,1610459137
20000,79,112257,14228523480
20000,80,7144,951609604
20000,81,1011,134707405
20000,82,61400,7542766851
20000,83,5826,712459944
20000,84,9150,1135916082
20000,85,16477,2084653400
20000,86,12317,1533024372
20000,87,3232,415536864
20000,88,21429,2720622198
20000,89,9425,1154596096
20000,90,32459,4322350164
20000,91,25342,3262011790
20000,92,8992,1115857995
20000,93,16427,2072280600
20000,94,9862,1246039900
20000,95,58344,7339669835
20000,96,35008,4568739827
20000,97,25580,3249349600
20000,98,25388,3311366688
20000,99,48761,6212914785
21000,0,13449,1653974157
21000,1,16689,2123359704
21000,2,7833,996040591
21000,3,6466,877274221
21000,4,41409,5234875155
21000,5,36570,4675982526
21000,6,34291,4264381000
21000,7,4936,612920214
21000,8,4247,507523446
21000,9,68068,8620036096
21000,10,27483,3447314647
21000,11,13934,1735180580
21000,12,18570,2356881330
21000,13,107975,13421954340
21000,14,3046,368547372
21000,15,678,81718728
21000,16,46299,5741925714
21000,17,6787,878690141
21000,18,9622,1206692393
21000,19,17537,2197476768
21000,20,2643,331649975
21000,21,93,11679599
21000,22,11656,1452594371
21000,23,67587,8473289253
21000,24,31599,3944280274
21000,25,113,14577805
21000,26,18565,2330712153
21000,27,4321,531688533
21000,28,34217,4309559280
21000,29,115698,14408500951
21000,30,1772,229871220
21000,31,10031,1294214570
21000,32,44759,5558896404
21000,33,24284,3029840640
21000,34,2623,356016954
21000,35,69333,8760178596
21000,36,8116,1038517372
21000,37,31929,3925326852
21000,38,47456,5969079600
21000,39,53954,6672848864
21000,40,12854,1610811580
21000,41,21084,2710696884
21000,42,9827,1278902578
21000,43,26862,3503284840
21000,44,9680,1204569270
21000,45,3902,484966060
21000,46,4460,576194580
21000,47,11812,1463841814
21000,48,4363,546427360
21000,49,15344,1982995272
21000,50,44729,5641213410
21000,51,1545,205994712
21000,52,29979,3901564044
21000,53,12871,1577752410
21000,54,63604,7989019745
21000,55,3226,402343828
21000,56,39295,4920446787
21000,57,28255,3499637229
21000,58,1049,139054320
21000,59,25899,3175001810
21000,60,6859,859524123
21000,61,19055,2389833663
21000,62,15835,2022255888
21000,63,7381,934432608
21000,64,158,21774732
21000,65,36075,4662331668
21000,66,19471,2538774300
21000,67,8215,1060703360
21000,68,2263,269022309
21000,69,1625,203119140
21000,70,4627,612873723
21000,71,36071,4521638340
21000,72,13175,1617000957
21000,73,1788,218935255
21000,74,23950,2955912300
21000,75,14878,1872151197
21000,76,3063,459188400
21000,77,77751,9636828864
21000,78,4894,606228120
21000,79,17928,2284352583
21000,80,9505,1189018323
21000,81,9882,1263346198
21000,82,47197,6012345120
21000,83,22716,2757876841
21000,84,19087,2365676500
21000,85,9247,1155838651
21000,86,3582,446476072
21000,87,55644,7192379175
21000,88,31221,3968288814
21000,89,2571,324608040
21000,90,31626,4023124014
21000,91,6389,802803656
21000,92,171,21620100
21000,93,39377,4938530669
21000,94,47601,5964807170
21000,95,39412,5122333710
21000,96,1990,245614743
21000,97,834,101541660
21000,98,11123,1352720775
21000,99,5475,687533124
22000,0,12487,1592109704
22000,1,3515,443051616
22000,2,109599,13548077088
22000,3,33089,4110655802
22000,4,593,70659472
22000,5,40414,4980140730
22000,6,2248,314712000
22000,7,2763,345001420
22000,8,32159,4150978925
22000,9,21332,2697078880
22000,10,2937,379865388
22000,11,394,51081615
22000,12,6301,781270452
22000,13,4522,553471954
22000,14,47236,6037297952
22000,15,3993,487236879
22000,16,7895,991282224
22000,17,1658,212864766
22000,18,21001,2670888570
22000,19,27353,3397364570
22000,20,21136,2683939518
22000,21,15660,1988779770
22000,22,5480,674174724
22000,23,10986,1390335856
22000,24,12146,1564027350
22000,25,13301,1752128917
22000,26,64010,7843665942
22000,27,22713,2787976730
22000,28,15600,1978764096
22000,29,7138,897427347
22000,30,23539,2932736130
22000,31,58649,7426849189
22000,32,6406,817831498
22000,33,782,97572180
22000,34,42178,5497030848
22000,35,70221,9051337024
22000,36,18735,2333078096
22000,37,4483,557585440
22000,38,18650,2334928475
22000,39,81036,10163192550
22000,40,364,49021146
22000,41,914,126261946
22000,42,4738,598341303
22000,43,33061,4302872320
22000,44,5346,658589112
22000,45,11466,1451207772
22000,46,44954,5635337502
22000,47,7747,996199960
22000,48,15105,1935521780
22000,49,35445,4503213850
22000,50,9690,1226956290
22000,51,22595,2852283610
22000,52,6606,835332141
22000,53,3644,485868085
22000,54,24594,3088780592
22000,55,19747,2511297800
22000,56,11441,1446232511
22000,57,4767,577144614
22000,58,29978,3795791616
22000,59,2630,322960050
22000,60,25027,3090288216
22000,61,17047,2187153600
22000,62,38498,4853371128
22000,63,77826,9605597130
22000,64,39616,5023376802
22000,65,7519,919213981
22000,66,8409,1068958034
22000,67,38484,4726653555
22000,68,9881,1250961712
22000,69,2307,289947926
22000,70,35419,4375228470
22000,71,19317,2450897344
22000,72,9447,1235197887
22000,73,86075,10923886445
22000,74,12943,1592671248
22000,75,808,107061010
22000,76,29467,3682749973
22000,77,27695,3580035944
22000,78,25614,3248577600
22000,79,21158,2720085600
22000,80,16503,2096836302
22000,81,746,93262936
22000,82,8705,1073731080
22000,83,15053,1968987936
22000,84,9836,1244048403
22000,85,3015,370723808
22000,86,50257,6426903900
22000,87,33635,4240399479
22000,88,2256,303598321
22000,89,37949,4779370808
22000,90,20115,2453378721
22000,91,34612,4409133932
22000,92,21803,2690569887
22000,93,555,73827853
22000,94,24949,3221339784
22000,95,162,18978750
22000,96,3088,378534177
22000,97,478,58076084
22000,98,35321,4488610986
22000,99,2132,286864765
23000,0,3382,434067664
23000,1,534,62890616
23000,2,44318,5490314676
23000,3,15109,1850445648
23000,4,37117,4555757775
23000,5,28024,3455827776
23000,6,23000,3002918751
23000,7,5677,781037634
23000,8,57989,7309521884
23000,9,25969,3281553180
23000,10,17153,2129766696
23000,11,2813,361303516
23000,12,28406,3585744184
23000,13,64601,8240526040
23000,14,17920,2215713636
23000,15,9577,1228117468
23000,16,17712,2292032512
23000,17,15665,1927416540
23000,18,14797,1797029660
23000,19,20832,2609124585
23000,20,65229,8370818994
23000,21,34603,4396544460
23000,22,7616,975214296
23000,23,9193,1120309146
23000,24,23290,2898789360
23000,25,68626,8822249896
23000,26,42861,5369981760
23000,27,53713,6762187861
23000,28,2794,358900480
23000,29,24423,3063780720
23000,30,17737,2166151484
23000,31,6093,746620077
23000,32,80757,10132941786
23000,33,29897,3743594820
23000,34,7570,932305480
23000,35,6097,753584471
23000,36,9371,1200574914
23000,37,14097,1769605836
23000,38,18050,2226260384
23000,39,850,106697661
23000,40,51570,6476744388
23000,41,56239,7179621018
23000,42,11633,1532259954
23000,43,31030,4049648305
23000,44,28420,3723189045
23000,45,75241,9509603904
23000,46,7480,975036211
23000,47,3111,389237387
23000,48,17817,2255765658
23000,49,14581,1846253724
23000,50,9579,1228693785
23000,51,1467,194474044
23000,52,19542,2464750281
23000,53,22857,2824974264
23000,54,33408,4167221000
23000,55,33584,4328529030
23000,56,423,53616448
23000,57,9997,1238112162
23000,58,13214,1688124876
23000,59,21674,2736327592
23000,60,17384,2156817832
23000,61,18741,2315134749
23000,62,808,101247133
23000,63,966,121728432
23000,64,35795,4510479865
23000,65,3744,459389440
23000,66,4749,586223064
23000,67,40701,5169356346
23000,68,2144,266311040
23000,69,37959,4715660016
23000,70,32724,3989130036
23000,71,9362,1273499612
23000,72,12988,1692452307
23000,73,12921,1604778012
23000,74,8778,1074736946
23000,75,12749,1604877498
23000,76,24521,3181060420
23000,77,39368,4954088436
23000,78,23772,2935533885
23000,79,15871,2172372142
23000,80,1398,169025415
23000,81,29504,3781730292
23000,82,81832,10371492865
23000,83,40895,5179244820
23000,84,4110,509150488
23000,85,47545,6093548658
23000,86,11991,1584090580
23000,87,15781,2070075425
23000,88,30484,3810415611
23000,89,20646,2605343325
23000,90,50866,6383565340
23000,91,2936,373663500
23000,92,75248,9484492129
23000,93,33982,4415618786
23000,94,74395,9547150860
23000,95,17501,2231616960
23000,96,26840,3387936240
23000,97,11164,1363096512
23000,98,10831,1510209300
23000,99,23305,3025325540
24000,0,11918,1456468830
24000,1,60503,7441280850
24000,2,38182,4746466540
24000,3,886,108308277
24000,4,1672,207782852
24000,5,23864,3036735306
24000,6,4011,528612282
24000,7,23426,2873524976
24000,8,74892,9471279264
24000,9,1543,189015040
24000,10,23093,2918125056
24000,11,1019,133154496
24000,12,17367,2227727952
24000,13,5283,650886192
24000,14,135,16620640
24000,15,52854,6620859168
24000,16,38148,4710677895
24000,17,278,32348211
24000,18,61417,7642949860
24000,19,23335,2937505123
24000,20,30775,3799543008
24000,21,61949,7773671806
24000,22,47154,6036325820
24000,23,2878,358278349
24000,24,11574,1529650197
24000,25,5983,784832626
24000,26,44437,5458638912
24000,27,24465,3251366963
24000,28,2572,351422325
24000,29,18982,2442676970
24000,30,6212,786884150
24000,31,33199,4249770440
24000,32,2355,307171276
24000,33,19954,2597969990
24000,34,10141,1247757822
24000,35,22028,2755918024
24000,36,17027,2087507010
24000,37,28075,3656935863
24000,38,51580,6379367800
24000,39,1707,208732584
24000,40,18053,2225662812
24000,41,29735,3728044286
24000,42,42544,5431015038
24000,43,31374,4207692792
24000,44,20392,2537856139
24000,45,34764,4381256976
24000,46,62583,8103402976
24000,47,8735,1125224550
24000,48,69402,9028765900
24000,49,6336,775992888
24000,50,82370,10327983435
24000,51,50799,6366796875
24000,52,31513,4073231305
24000,53,1768,220914543
24000,54,1199,145618815
24000,55,70211,8582134000
24000,56,4118,520643760
24000,57,7098,870820575
24000,58,28803,3577957404
24000,59,57910,7391142495
24000,60,2227,274483209
24000,61,8280,1086930780
24000,62,51128,6397797036
24000,63,22546,2917363824
24000,64,213,27513954
24000,65,6730,838676607
24000,66,92140,11812949616
24000,67,41485,5205249840
24000,68,40365,5144962735
24000,69,17922,2229991140
24000,70,20342,2512635650
24000,71,25923,3397764468
24000,72,41027,5364275499
24000,73,33219,4150098758
24000,74,48044,6132076980
24000,75,33674,4279071024
24000,76,23294,2926610085
24000,77,5556,684541044
24000,78,65182,8305539177
24000,79,11861,1489579383
24000,80,58903,7440295196
24000,81,126884,16590502680
24000,82,21397,2751428880
24000,83,10337,1328977785
24000,84,35863,4485854274
24000,85,8509,1038667525
24000,86,68282,8431290828
24000,87,11123,1458480675
24000,88,75575,9497276388
24000,89,49456,6147377108
24000,90,79152,10259618070
24000,91,10892,1347982716
24000,92,1522,191190498
24000,93,15164,1889669700
24000,94,7530,924790321
24000,95,8676,1110608050
24000,96,10246,1286644565
24000,97,633,84318300
24000,98,23376,2953678294
24000,99,10173,1311607962
25000,0,79,10755480
25000,1,12029,1502137459
25000,2,13303,1705532568
25000,3,16285,2020926640
25000,4,32874,4131439620
25000,5,7900,1048543964
25000,6,1254,156960694
25000,7,19234,2596080072
25000,8,63595,8090980045
25000,9,48716,6313701356
25000,10,45024,5747855872
25000,11,16909,2094551021
25000,12,4256,525725818
25000,13,20413,2649527300
25000,14,8644,1083761484
25000,15,20343,2623692546
25000,16,14888,1983220248
25000,17,4630,584428326
25000,18,52317,6460206500
25000,19,12217,1578226692
25000,20,16948,2107613616
25000,21,107319,13354914690
25000,22,19326,2475637780
25000,23,59996,7586372283
25000,24,71060,8981660793
25000,25,16859,2123931148
25000,26,1352,178465504
25000,27,73126,9344134870
25000,28,174,21003750
25000,29,10264,1283635518
25000,30,46611,5842129452
25000,31,94753,12043807545
25000,32,5754,702628020
25000,33,22165,2872672007
25000,34,22758,2839207350
25000,35,33859,4238534004
25000,36,23694,3009978792
25000,37,17402,2298725252
25000,38,2253,296301255
25000,39,39708,4965410600
25000,40,15823,2075537685
25000,41,186,23187360
25000,42,9349,1139289894
25000,43,6917,854015954
25000,44,4553,557879280
25000,45,47436,5948887500
25000,46,8467,1083833545
25000,47,14572,1926655170
25000,48,25246,3177439676
25000,49,4201,528910116
25000,50,11233,1415104360
25000,51,66556,8424494400
25000,52,5516,687778030
25000,53,35977,4596454863
25000,54,844,101941056
25000,55,5182,667607884
25000,56,11814,1489054164
25000,57,22377,2765578554
25000,58,11435,1412312552
25000,59,24566,3134047014
25000,60,10229,1307245248
25000,61,7673,998276151
25000,62,3081,390830000
25000,63,19868,2446648092
25000,64,12416,1532900021
25000,65,2508,310693748
25000,66,15807,2006052048
25000,67,14132,1755156459
25000,68,3779,461598036
25000,69,9295,1180930590
25000,70,5043,651390636
25000,71,18004,2303138196
25000,72,1473,186174989
25000,73,6492,813277760
25000,74,26012,3319538080
25000,75,2605,320260302
25000,76,28164,3479995688
25000,77,12539,1661387359
25000,78,11944,1584136075
25000,79,623,74866000
25000,80,49738,6200816250
25000,81,32828,4212681440
25000,82,28441,3593730042
25000,83,53486,6863282150
25000,84,10270,1294861080
25000,85,9186,1174336340
25000,86,63348,8212329411
25000,87,16867,2128631490
25000,88,16116,2104889136
25000,89,85402,10825909178
25000,90,22466,2869374464
25000,91,1971,253140420
25000,92,33610,4264329135
25000,93,92778,11902892193
25000,94,26410,3454227750
25000,95,86361,11094402144
25000,96,49073,6204530192
25000,97,6321,791468320
25000,98,21530,2709154700
25000,99,9407,1158302352
26000,0,14181,1773995192
26000,1,17415,2212678888
26000,2,4520,563287816
26000,3,47325,6206699520
26000,4,10439,1298699058
26000,5,37139,4703563460
26000,6,11640,1452912498
26000,7,28067,3628230386
26000,8,7972,977171040
26000,9,2656,345391347
26000,10,29439,3677215914
26000,11,2687,326593752
26000,12,392,48947808
26000,13,33747,4193786880
26000,14,52302,6528145929
26000,15,1913,240458364
26000,16,4178,520397790
26000,17,10374,1302792297
26000,18,11203,1391154765
26000,19,47131,5972846058
26000,20,2268,281717676
26000,21,73178,9310731802
26000,22,45659,5848548054
26000,23,49943,6372337565
26000,24,50832,6339699582
26000,25,33982,4344842160
26000,26,99552,13058591744
26000,27,22477,2793933978
26000,28,497,65257530
26000,29,48323,6090125564
26000,30,53293,6855789108
26000,31,39946,5092917830
26000,32,31697,4091180643
26000,33,38245,4869937520
26000,34,141442,18190393542
26000,35,74768,9490127692
26000,36,44384,5629807836
26000,37,23354,2964781787
26000,38,28684,3686070118
26000,39,29152,3767033100
26000,40,2537,315691920
26000,41,32023,4103892080
26000,42,7321,901076550
26000,43,35381,4452867813
26000,44,17466,2187793410
26000,45,91773,11667271326
26000,46,22562,2807534037
26000,47,2472,300090375
26000,48,1809,230985824
26000,49,32697,4180771675
26000,50,50684,6384584136
26000,51,6504,889925850
26000,52,48195,6328688554
26000,53,35012,4542296680
26000,54,24402,3014954760
26000,55,7970,1086889055
26000,56,9843,1242319905
26000,57,4431,551184490
26000,58,24806,3160132112
26000,59,34751,4493316376
26000,60,4819,600569820
26000,61,9545,1201491996
26000,62,4741,614495210
26000,63,76542,9699468960
26000,64,19168,2333324926
26000,65,44830,5687039416
26000,66,11530,1491664164
26000,67,61318,7913132240
26000,68,69329,8533012700
26000,69,7907,1021001465
26000,70,68061,8869189200
26000,71,4123,506972833
26000,72,59596,7776691659
26000,73,16750,2121444636
26000,74,1901,242352942
26000,75,44710,5625952108
26000,76,2597,322855704
26000,77,40180,5071073305
26000,78,5140,640989085
26000,79,61123,7689567282
26000,80,25113,3242373940
26000,81,89509,11383798572
26000,82,58446,7466224896
26000,83,3378,425702217
26000,84,34758,4462572270
26000,85,31456,3960103246
26000,86,1154,141787854
26000,87,29898,3725133854
26000,88,11247,1416480527
26000,89,59269,7467617983
26000,90,7736,962672760
26000,91,10807,1369945350
26000,92,58538,7339980765
26000,93,72276,9182421976
26000,94,16628,2079400004
26000,95,5683,754189530
26000,96,2756,358632216
26000,97,12071,1545932160
26000,98,411,48759695
26000,99,1231,163630748
27000,0,10337,1282216223
27000,1,71634,9324241290
27000,2,34867,4481006400
27000,3,14298,1814582799
27000,4,55362,7146569142
27000,5,6282,812688444
27000,6,35716,4780523412
27000,7,26603,3415687890
27000,8,14490,1874512208
27000,9,37955,4930783250
27000,10,21394,2627011288
27000,11,8713,1167492953
27000,12,10956,1385606019
27000,13,19407,2426023608
27000,14,5256,653764484
27000,15,50452,6413094591
27000,16,9361,1180740354
27000,17,51617,6555937434
27000,18,13701,1746532968
27000,19,28710,3745376250
27000,20,30031,3808098447
27000,21,110904,13926689991
27000,22,3874,503104800
27000,23,47362,6083753984
27000,24,48889,6237821016
27000,25,36992,4613635915
27000,26,61548,8158555335
27000,27,6691,964382076
27000,28,23276,3660134916
27000,29,8079,1093459705
27000,30,17205,2154866560
27000,31,7416,943494051
27000,32,87852,11250503484
27000,33,39165,4931550951
27000,34,47445,6201286464
27000,35,21773,3033343863
27000,36,6591,866370494
27000,37,35906,4616129070
27000,38,20368,2614312155
27000,39,29224,3857510790
27000,40,22391,2845982730
27000,41,9783,1271759533
27000,42,11833,1488124752
27000,43,72953,9131090955
27000,44,11772,1501713711
27000,45,41285,5181201182
27000,46,2745,343792142
27000,47,20217,2583314552
27000,48,17144,2198824985
27000,49,65921,8476606152
27000,50,6592,897161724
27000,51,15353,2000626884
27000,52,14194,1878754262
27000,53,4123,542911898
27000,54,51319,6567881655
27000,55,3909,567450495
27000,56,129157,16200629505
27000,57,38227,4871701296
27000,58,76092,9692162160
27000,59,1050,128594625
27000,60,7977,1087917138
27000,61,2682,378289100
27000,62,1190,163516650
27000,63,3996,547169748
27000,64,4017,510399336
27000,65,33655,4297945914
27000,66,15449,2012821349
27000,67,15580,2115113028
27000,68,24363,3035302456
27000,69,46152,5857024668
27000,70,15681,1941390000
27000,71,9102,1193566535
27000,72,31169,4051980109
27000,73,6720,854432998
27000,74,14808,1982987509
27000,75,29478,3824206352
27000,76,9261,1181584597
27000,77,24648,3281664290
27000,78,15833,2037646880
27000,79,41306,5162914402
27000,80,1674,203207103
27000,81,29332,3721879604
27000,82,16549,2205830601
27000,83,15086,2031110448
27000,84,4182,585608166
27000,85,18726,2486709070
27000,86,1832,226249560
27000,87,25492,3302512431
27000,88,13768,1831250576
27000,89,9734,1242128088
27000,90,26643,3309610348
27000,91,9024,1138506852
27000,92,4895,612467422
27000,93,69064,8967621553
27000,94,41011,5275263048
27000,95,6485,835616236
27000,96,67116,8621116174
27000,97,17375,2164351305
27000,98,47290,6079508850
27000,99,51411,6559121646
28000,0,14339,1844217936
28000,1,49257,6280190784
28000,2,10356,1365406025
28000,3,3667,473740524
28000,4,156,21278475
28000,5,3217,394655435
28000,6,30851,3991351199
28000,7,17921,2355399360
28000,8,50411,6578007184
28000,9,20819,2825206848
28000,10,54622,6911967216
28000,11,36512,4765230320
28000,12,1561,216191318
28000,13,3546,489077641
28000,14,15850,2073950890
28000,15,3028,386686120
28000,16,34773,4563290520
28000,17,43396,5466282450
28000,18,3005,376986269
28000,19,295,37052928
28000,20,12515,1655234225
28000,21,49953,6465598490
28000,22,13186,1687574924
28000,23,2350,314473434
28000,24,762,97463806
28000,25,32124,4251850037
28000,26,11633,1479790697
28000,27,35919,4603217850
28000,28,70585,9118103400
28000,29,47163,6056969567
28000,30,53684,6882286516
28000,31,71013,9089188554
28000,32,20096,2591463424
28000,33,24643,3093622432
28000,34,7861,1006131807
28000,35,23551,3075175845
28000,36,12085,1560158964
28000,37,10548,1330499680
28000,38,30189,3970801376
28000,39,7952,1030458930
28000,40,3605,472905594
28000,41,3360,406523119
28000,42,9083,1151471860
28000,43,10759,1371270516
28000,44,25450,3359532282
28000,45,44862,5956767159
28000,46,22898,3065450496
28000,47,27494,3678204735
28000,48,21047,2745022518
28000,49,34352,4436807200
28000,50,5788,734717620
28000,51,112391,14408304054
28000,52,98609,12616350656
28000,53,5347,668582842
28000,54,81001,10460491503
28000,55,59013,7610672992
28000,56,66029,8585887009
28000,57,19636,2535099175
28000,58,12717,1703346658
28000,59,47738,6063571360
28000,60,4101,515505336
28000,61,12751,1759838696
28000,62,23339,2981162100
28000,63,21972,2787181838
28000,64,60032,7773796434
28000,65,15129,2026128660
28000,66,25216,3218920404
28000,67,4213,557677800
28000,68,39391,5285685112
28000,69,1452,198885771
28000,70,9670,1280554989
28000,71,110081,14301968509
28000,72,39630,5058994668
28000,73,10350,1410919235
28000,74,42634,5587440355
28000,75,11542,1459802070
28000,76,3475,469533316
28000,77,17267,2255769930
28000,78,120299,15489015117
28000,79,990,122151432
28000,80,4361,585497536
28000,81,32749,4157433420
28000,82,687,119480678
28000,83,15378,1943167739
28000,84,51218,6479653334
28000,85,24207,3081164541
28000,86,1828,234837792
28000,87,4495,561593018
28000,88,31800,4032001350
28000,89,47184,6028280460
28000,90,4068,535887240
28000,91,4359,575568226
28000,92,40125,5218374324
28000,93,1300,169099956
28000,94,2814,376289864
28000,95,56763,7446379680
28000,96,28990,3765657896
28000,97,49165,6524395516
28000,98,18180,2421507511
28000,99,15640,1943657706
29000,0,17513,2222698760
29000,1,3190,401661778
29000,2,2310,297059840
29000,3,92190,11722348514
29000,4,15498,2081830208
29000,5,4548,555691215
29000,6,24545,3178254375
29000,7,53096,6815786128
29000,8,515,62848143
29000,9,9335,1194906986
29000,10,29708,3862114121
29000,11,94674,12205457190
29000,12,29642,3759719643
29000,13,16498,2112114784
29000,14,6517,836687736
29000,15,128187,16790077626
29000,16,24315,3138113320
29000,17,45962,5813960010
29000,18,1666,229311708
29000,19,179619,23156911622
29000,20,4808,604164425
29000,21,100158,12538921200
29000,22,28827,3716841060
29000,23,2769,361991970
29000,24,4113,504094905
29000,25,7384,967199972
29000,26,2463,329302266
29000,27,28287,3632742144
29000,28,8388,1070548025
29000,29,77972,10027168320
29000,30,102950,13150188320
29000,31,11703,1449129646
29000,32,56297,7239173906
29000,33,7212,1000331900
29000,34,16256,2117829380
29000,35,22876,2885956624
29000,36,9680,1183920252
29000,37,8580,1076128564
29000,38,127126,16226427364
29000,39,22113,2751963500
29000,40,11998,1514521060
29000,41,49094,6340115045
29000,42,54941,7365117312
29000,43,36777,4728181392
29000,44,28615,3666392807
29000,45,21315,2718709192
29000,46,7173,924279065
29000,47,79802,10170655606
29000,48,10188,1408579370
29000,49,26851,3482309336
29000,50,71545,9089164195
29000,51,7448,984748644
29000,52,12346,1647321888
29000,53,7421,939741870
29000,54,152890,19594417064
29000,55,68716,8769756996
29000,56,69005,8815990535
29000,57,1019,126525304
29000,58,54532,7066613372
29000,59,27763,3497614660
29000,60,24811,3192513600
29000,61,76432,9738584394
29000,62,59778,7700210388
29000,63,27783,3520633974
29000,64,16262,2114998676
29000,65,2167,274696251
29000,66,53490,7035421537
29000,67,4949,638148480
29000,68,50985,6481747377
29000,69,11642,1468929375
29000,70,23913,3096177962
29000,71,16326,2104398219
29000,72,10940,1401228100
29000,73,42056,5419179245
29000,74,10932,1382321088
29000,75,14550,1838465752
29000,76,9753,1235500228
29000,77,84764,10984702363
29000,78,88112,11690436061
29000,79,16939,2075967380
29000,80,16073,2009768189
29000,81,62532,8075306052
29000,82,11768,1473379605
29000,83,79408,10341424788
29000,84,60049,7696762920
29000,85,10970,1394394838
29000,86,2219,288461775
29000,87,13238,1693977750
29000,88,17039,2281595625
29000,89,11440,1397274589
29000,90,98798,12855870079
29000,91,94650,11862590102
29000,92,14540,1755665399
29000,93,11755,1387165166
29000,94,21506,2764742166
29000,95,90257,10977376121
29000,96,29562,3510181216
29000,97,11985,1378190478
29000,98,47607,5778167610
29000,99,4980,586564113
30000,0,1791,224225081
30000,1,52390,6509815538
30000,2,33506,4017442980
30000,3,68089,7933995692
30000,4,23816,2843055162
30000,5,37003,4509004860
30000,6,930,107799615
30000,7,31550,3701168538
30000,8,30041,3552434445
30000,9,18202,2156507930
30000,10,4152,477522639
30000,11,6814,805843670
30000,12,32498,3905584578
30000,13,50221,6165664788
30000,14,30224,3776754058
30000,15,11867,1492931124
30000,16,32,4160325
30000,17,35983,4338397773
30000,18,189,24857451
30000,19,3117,372839220
30000,20,14762,1739799036
30000,21,54554,6550874496
30000,22,2390,375994201
30000,23,73130,9382670000
30000,24,16224,2010214432
30000,25,17496,2158525096
30000,26,18269,2336167800
30000,27,9836,1251154539
30000,28,56809,7211042184
30000,29,6186,763078855
30000,30,2460,324470591
30000,31,17043,2176561112
30000,32,17082,2154638045
30000,33,15294,1965327990
30000,34,3036,410949131
30000,35,51308,6732348376
30000,36,44101,5989860240
30000,37,27533,3511992053
30000,38,11169,1406541970
30000,39,65766,8490877696
30000,40,32092,4107537030
30000,41,29678,3843025251
30000,42,16723,2111695894
30000,43,53788,7056625975
30000,44,28708,3770900918
30000,45,36436,4695121445
30000,46,10960,1390393056
30000,47,42684,5350938440
30000,48,24509,3097631124
30000,49,35853,4481797968
30000,50,34218,4379334440
30000,51,32944,4246661880
30000,52,9451,1255193280
30000,53,27342,3541675360
30000,54,46996,6177078342
30000,55,16190,2078333982
30000,56,24318,3153680285
30000,57,2960,385105477
30000,58,2236,285136733
30000,59,83107,10484922825
30000,60,50257,6302584660
30000,61,1312,166840219
30000,62,4405,590341845
30000,63,2848,394939716
30000,64,25767,3335169205
30000,65,71110,8956855955
30000,66,35264,4542102228
30000,67,64356,8414384860
30000,68,76622,9835522632
30000,69,27493,3561922344
30000,70,49893,6328114104
30000,71,69946,8977536726
30000,72,30386,3822482528
30000,73,8954,1167756564
30000,74,7620,991934670
30000,75,8008,1087748858
30000,76,55166,7059993433
30000,77,35520,4508039200
30000,78,53006,6934806900
30000,79,38745,4884556736
30000,80,104938,13709913324
30000,81,3479,422447477
30000,82,16704,2148058704
30000,83,3619,460273950
30000,84,23315,3074580356
30000,85,42727,5391406230
30000,86,113375,14420949840
30000,87,21483,2744299459
30000,88,13897,1893596716
30000,89,70403,9222303888
30000,90,8561,1064337245
30000,91,5436,685887480
30000,92,32002,4112253600
30000,93,587,76839360
30000,94,46882,5991214995
30000,95,27174,3581030364
30000,96,98561,12598949760
30000,97,54903,7250347586
30000,98,36643,4787289400
30000,99,12674,1686035277
